/uploads/rationale_2009_bringdownthewalls1_1a.jpg,56.2500
/uploads/rationale_2009_bringdownthewalls1_2a.jpg,71.4286
/uploads/rationale_2009_remixvol11_1a.jpg,66.6667
/uploads/rationale_2009_remixvol11_2a.jpg,66.6667
/uploads/rationale_2010_concertseries1_1a.jpg,71.4286
/uploads/rationale_2010_concertseries1_2a.jpg,71.4286
/uploads/rationale_2010_concertseries1_3a.jpg,71.4286
/uploads/rationale_2010_concertseries1_4a.jpg,71.4286
/uploads/rationale_2010_concertseries1_5a.jpg,71.4286
/uploads/rationale_2010_concertseries1_6a.jpg,71.4286
/uploads/rationale_2010_concertseries1_7a.jpg,71.4286
/uploads/rationale_2010_concertseries1_8a.jpg,71.4286
/uploads/rationale_2011_allinlove1_1a.jpg,71.4286
/uploads/rationale_2011_intent1_1a.jpg,66.6667
/uploads/rationale_2012_freyasbazaar1_1a.jpg,66.6667
/uploads/rationale_2012_ifnotfordawn1_1a.jpg,66.6667
/uploads/rationale_2012_ifnotfordawn1_2a.jpg,66.6667
/uploads/rationale_2012_interaction1_1a.jpg,66.6667
/uploads/rationale_2012_interaction1_2a.jpg,66.6667
/uploads/rationale_2012_lightingfires1_1a.jpg,66.6667
/uploads/rationale_2012_lightingfires1_2a.jpg,66.6667
/uploads/rationale_2012_lightingfires1_3a.jpg,66.6667
/uploads/rationale_2012_lightingfires1_4a.jpg,56.2500
/uploads/rationale_2012_lightingfires1_5a.jpg,66.6667
/uploads/rationale_2012_stevenbrooks1_1a.jpg,80.0054
/uploads/rationale_2013_carryon1_1a.jpg,56.2500
/uploads/rationale_2013_carryon1_2a.jpg,56.2500
/uploads/rationale-foothillsid-1.jpg,56.2500
/uploads/rationale-foothillsid-2.jpg,65.5844
/uploads/rationale-foothillsid-3b.jpg,67.1266
/uploads/rationale-foothillsid-4.jpg,71.1580
/uploads/rationale-foothillsid-5b.jpg,62.2294
/uploads/rationale-foothillsid-6b.jpg,67.1266
/uploads/rationale-latitudex-1b.jpg,56.2500
/uploads/rationale-latitudex-2.jpg,78.2468
/uploads/rationale-latitudex-3.jpg,67.1266
/uploads/rationale-latitudex-4.jpg,67.1266
/uploads/rationale-latitudex-5.jpg,74.6483
/uploads/rationale-latitudex-6.jpg,67.1266
/uploads/rationale-massivebit-1.jpg,56.2500
/uploads/rationale-massivebit-2.jpg,78.2468
/uploads/rationale-massivebit-3b.jpg,56.2500
/uploads/rationale-massivebit-4.jpg,53.7879
/uploads/rationale-massivebit-5b.jpg,54.1126
/uploads/rationale-massivebit-6.jpg,67.1266
/uploads/rationale-massivebit-7.jpg,67.1266
/uploads/rationale-mincalendar-1.jpg,67.1266
/uploads/rationale-mincalendar-2.jpg,67.1266
/uploads/rationale-mincalendar-3.jpg,67.1266
/uploads/rationale_2013_woodenboatshow1_1a.jpg,66.6667
/uploads/rationale_2013_zaire1_1a.jpg,66.6667
/uploads/rationale_2013_zaire1_2a.jpg,71.4286
/uploads/rationale_2013_zaire1_3a.jpg,66.6667
/uploads/rationale_2014_aiga1_1a.jpg,71.4286
/uploads/rationale_2014_caseybroadwater1_1a.jpg,56.2500
/uploads/rationale_2014_caseybroadwater1_2a.jpg,56.2500
/uploads/rationale_2014_caseybroadwater1_3a.jpg,66.6667
/uploads/rationale_2014_caseybroadwater1_4a.jpg,71.4286
/uploads/rationale_2014_caseybroadwater1_5a.jpg,56.2500
/uploads/rationale_2014_foothillsmural1_1a.jpg,56.2500
/uploads/rationale_2014_spff1_1a.jpg,66.6667
/uploads/rationale_2014_spff1_2a.jpg,66.6667
/uploads/FPO%2032ratio.jpg,66.6667
/uploads/rationale_2014_synthpatch1_1a.jpg,56.2500
/uploads/rationale_2015_snowball1_1a.jpg,66.6667
/uploads/rationale_2012_arrowsmith1_1a.jpg,56.2500
/uploads/rationale_2012_arrowsmith1_2a.jpg,56.2500
/uploads/rationale_2012_classiccar1_1a.jpg,71.4286
/uploads/rationale_2012_classiccar1_2a.jpg,71.4286
/uploads/rationale_2012_classiccar1_3a.jpg,71.4286
/uploads/rationale_2012_classiccar1_4a.jpg,71.4286
/uploads/rationale_2012_classiccar1_5a.jpg,71.4286
/uploads/rationale_2012_classiccar1_6a.jpg,71.4286
/uploads/rationale_2012_classiccar1_7a.jpg,71.4286
/uploads/rationale_2012_classiccar1_8a.jpg,71.4286
/uploads/rationale_2016_territorysingles1_1a.jpg,66.6667
/uploads/rationale_2016_territorysingles1_2a.jpg,66.6667
/uploads/rationale_2016_territorysingles1_3a.jpg,80.0054
/uploads/rationale_2011_newlight1_1a.jpg,66.6667
/uploads/rationale_2008_0dot51_1a.jpg,66.6667
/uploads/rationale_2008_0dot51_2a.jpg,66.6667
/uploads/rationale_2008_0dot51_3a.jpg,71.4286
/uploads/rationale_nonprofit_1a.jpg,66.6667
/uploads/rationale_nonprofit_2a.jpg,66.6667
/uploads/rationale_nonprofit_3a.jpg,66.6667
/uploads/rationale_nonprofit_4a.jpg,66.6667
/uploads/rationale_nonprofit_5a.jpg,66.6667
/uploads/rationale_nonprofit_6a.jpg,66.6667
/uploads/rationale_nonprofit_7a.jpg,66.6667
/uploads/rationale_dotzero_1a.jpg,66.6667
/uploads/rationale_dotzero_2a.jpg,66.6667
/uploads/rationale_dotzero_3a.jpg,66.6667
/uploads/rationale_dotzero_4a.jpg,66.6667
/uploads/rationale_dotzero_5a.jpg,66.6667
/uploads/rationale_dotzero_7a.jpg,66.6667
/uploads/rationale_sw08141_1a.jpg,66.6667
/uploads/rationale_sw08141_2a.jpg,66.6667
/uploads/rationale_sw08141_3a.jpg,66.6667
/uploads/rationale_sw08141_4a.jpg,66.6667
/uploads/rationale_sw08141_5a.jpg,66.6667
/uploads/rationale_sw08141_6a.jpg,66.6667
/uploads/rationale_sw08141_7a.jpg,66.6667
/uploads/rationale_sw08141_8a.jpg,66.6667
/uploads/rationale_deutschebank_1a.jpg,66.6667
/uploads/rationale_deutschebank_2a.jpg,66.6667
/uploads/rationale_deutschebank_3a.jpg,66.6667
/uploads/rationale_deutschebank_4a.jpg,66.6667
/uploads/rationale_deutschebank_5a.jpg,66.6667
/uploads/rationale_deutschebank_6a.jpg,66.6667
/uploads/rationale_deutschebank_7a.jpg,66.6667
/uploads/rationale_nycbg1_1a.jpg,66.6667
/uploads/rationale_nycbg1_2a.jpg,66.6667
/uploads/rationale_nycbg1_3a.jpg,66.6667
/uploads/rationale_nycbg1_4a.jpg,66.6667
/uploads/rationale_nycbg1_5a.jpg,66.6667
/uploads/rationale_nycbg1_6a.jpg,66.6667
/uploads/rationale_sanscalendar171_1a.jpg,66.6667
/uploads/rationale_sanscalendar171_2a.jpg,66.6667
/uploads/rationale-aiga-ourapproach.jpg,56.4917
/uploads/rationale-sean-wolcott.jpg,56.4917
/uploads/rationale_sw08141_0a.jpg,66.6667
/uploads/rationale_nycbg1_0a.jpg,66.6667
/uploads/rationale_deutschebank_0a.jpg,66.6667
/uploads/rationale_dotzero_0a.jpg,66.6667
/uploads/rationale_nonprofit_0a.jpg,66.6667
/uploads/rationale_sanscalendar171_0a.jpg,66.6667
/uploads/rationale_2012_lightingfires1_1a.jpg,66.6667
/uploads/rationale_2012_lightingfires1_2a.jpg,66.6667
/uploads/rationale_2012_lightingfires1_3a.jpg,66.6667
/uploads/rationale_2012_lightingfires1_4a.jpg,56.2500
/uploads/rationale_2012_lightingfires1_5a.jpg,66.6667
/uploads/rationale_sanscalendar171_1c.jpg,100.0000
/uploads/rationale_sanscalendar171_2c.jpg,100.0000
/uploads/rationale_tbwbp1_1d.jpg,100.0000
/uploads/rationale_woodenboatposter1_1b.jpg,100.0000
/uploads/rationale_allinloveposter1_1d.jpg,100.0000
/uploads/rationale_classiccarshowposter1_1a.jpg,100.0000
/uploads/rationale_2009_bringdownthewalls1_1b.jpg,56.2500
/uploads/rationale_2012_lightingfires1_3b.jpg,66.6667
/uploads/rationale_2012_lightingfires1_4b.jpg,56.2500
/uploads/rationale_2016_territorysingles1_3b.jpg,80.0054
/uploads/FPO11ratio.jpg,100.0000
/uploads/rationale_2016-11-10_1a.jpg,100.0000
/uploads/rationale_2016-07-17_1a.jpg,100.0000
/uploads/rationale_2016-04-25_1a.jpg,66.6667
/uploads/rationale_2015-11-13_1a.jpg,100.0000
/uploads/rationale_2015-10-21_1a.jpg,100.0000
/uploads/rationale_2015-05-03_1a.jpg,99.7222
/uploads/rationale_2015-04-06_1a.jpg,66.6667
/uploads/rationale_2014-12-08_1a.jpg,56.2229
/uploads/rationale_2014-10-30_1a.jpg,100.0000
/uploads/rationale_2014-09-27_1a.jpg,66.6667
/uploads/rationale_2014-09-28_1a.jpg,100.0000
/uploads/rationale_2014-08-20_1a.jpg,56.2229
/uploads/rationale_2014-06-27_1a.jpg,56.2229
/uploads/rationale_2014-06-03_1a.jpg,100.0000
/uploads/rationale_2017-10-12_1a.jpg,100.0000
/uploads/rationale_2017-09-10_1a.jpg,100.0000
/uploads/rationale_2016-04-25_1b.jpg,66.6667
/uploads/rationale_2015-11-13_1b.jpg,100.0000
/uploads/rationale_2015-10-21_1b.jpg,100.0000
/uploads/rationale_2015-04-06_1b.jpg,100.0000
/uploads/rationale_2014-12-08_1b.jpg,66.6667
/uploads/rationale_2014-10-30_1b.jpg,100.0000
/uploads/rationale_2014-09-27_1b.jpg,66.6667
/uploads/rationale_2014-09-28_1b.jpg,100.0000
/uploads/rationale_2014-08-20_1b.jpg,56.2229
/uploads/rationale_2013-05-20_1a.jpg,66.6667
/uploads/rationale_2009_bringdownthewalls1_1d.jpg,52.0833
/uploads/rationale_2017_sanscalendar1_1b.jpg,71.4286
/uploads/rationale_2017_sanscalendar1_2b.jpg,71.4286
/uploads/rationale_comingsoon_1a.jpg,56.2500
/uploads/rationale_2013-05-20_2a.jpg,71.4286
/uploads/rationale_2013-05-20_3a.jpg,71.4286
/uploads/rationale_2013-05-20_4a.jpg,71.4286
/uploads/rationale_2014-06-27_2a.jpg,66.6667
/uploads/rationale_2014-06-27_3a.jpg,66.6667
/uploads/rationale_sw08141_og1a.jpg,52.5000
/uploads/rationale_2014-09-27_2a.jpg,71.4286
/uploads/rationale_2014-10-30_2a.jpg,132.4324
/uploads/rationale_2014-12-08_2a.jpg,56.3235
/uploads/rationale_2014-12-08_3a.jpg,66.6667
/uploads/rationale_2015-05-03_2c.jpg,75.5125
/uploads/rationale_2015-11-13_2b.jpg,100.0000
/uploads/rationale_2016-04-25_2b.jpg,52.5000
/uploads/rationale_2017-09-10_3a.jpg,100.0000
/uploads/rationale_2017-09-10_4a.jpg,100.0000
/uploads/rationale_2017-09-10_5a.jpg,100.0000
/uploads/rationale_2009_bringdownthewalls1_2b.jpg,71.4286
/uploads/rationale_2012_lightingfires1_4g.jpg,56.2500
/uploads/rationale_2013_carryon1_2b.jpg,57.7922
/uploads/rationale_2013_latitudex1_1a.jpg,53.5714
/uploads/rationale_2013_latitudex1_7b.jpg,66.6667
/uploads/rationale_2013_latitudex1_3c.jpg,71.4286
/uploads/rationale_2013_latitudex1_5d.jpg,66.6667
/uploads/rationale_2013_latitudex1_2c.jpg,71.4286
/uploads/rationale_2013_latitudex1_6c.jpg,66.6667
/uploads/rationale_2013_massivebit1_1c.jpg,56.2500
/uploads/rationale_2013_massivebit1_2c.jpg,71.4286
/uploads/rationale_2013_massivebit1_3c.jpg,56.2500
/uploads/rationale_2013_massivebit1_4c.jpg,56.2500
/uploads/rationale_2013_massivebit1_5c.jpg,56.2500
/uploads/rationale_2013_massivebit1_6c.jpg,66.6667
/uploads/rationale_2013_massivebit1_7c.jpg,56.2500
/uploads/rationale_2017_sanscalendar1_1d.jpg,71.4286
/uploads/rationale_2017_sanscalendar1_2d.jpg,71.4286
/uploads/rationale_2014_smithinteriors1_5e.jpg,30.5736
/uploads/rationale_2014_smithinteriors1_6c.jpg,56.2500
/uploads/rationale_2014_smithinteriors1_1a.jpg,71.4286
/uploads/rationale_2014_smithinteriors1_2a.jpg,66.6667
/uploads/rationale_2014_smithinteriors1_4c.jpg,56.2500
/uploads/rationale_2014_smithinteriors1_3a.jpg,56.2500
/uploads/rationale_2015_ellenmcfadden1_1a.jpg,71.4286
/uploads/rationale_2015_swbook0714_1a.jpg,66.6667
/uploads/rationale_2015_swbook0714_2a.jpg,80.0054
/uploads/rationale_2015_sofarsea1_1a.jpg,56.2500
/uploads/rationale_2015_sofarsea1_2a.jpg,57.7922
/uploads/rationale_2015_sofarsea1_3a.jpg,57.7922
/uploads/rationale_2015_sofarsea1_4a.jpg,57.7922
/uploads/rationale-bkennedy-1a.jpg,56.2500
/uploads/rationale-schaeferid-1a.jpg,56.2500
/uploads/rationale_2016_sdfbig1_1a.jpg,71.4286
/uploads/rationale_2014_aprilbrimer1_1a.jpg,66.6667
/uploads/rationale_2014_aprilbrimer1_2a.jpg,56.2500
/uploads/rationale_2014_aprilbrimer1_3a.jpg,66.6667
/uploads/rationale_2014_aprilbrimer1_4a.jpg,66.6667
/uploads/rationale_2014_aprilbrimer1_5c.jpg,56.2500
/uploads/rationale_2014_aprilbrimer1_6c.jpg,60.7143
/uploads/rationale_2014_aprilbrimer1_7c.jpg,63.0682
/uploads/rationale_2012_classiccar1_1b.jpg,71.4286
/uploads/rationale_2016_tbwb1_1a.jpg,71.4286
/uploads/rationale_2017_territory_1a.jpg,56.2500
/uploads/rationale_ourapproach_1a.jpg,56.2500
/uploads/rationale_ourapproach_2a.jpg,56.2500
/uploads/rationale_2017-09-10_2a.jpg,100.0000
/uploads/rationale_2014_smithinteriors1_4f.jpg,56.2500
/uploads/rationale_2014_smithinteriors1_5g.jpg,32.1970
/uploads/rationale_2017-11-20_1a.jpg,100.0000
/uploads/rationale_sanscalendar181_1a.jpg,100.0000
/uploads/rationale_2018_sanscalendar1_1a.jpg,71.4286
/uploads/rationale_2018_sanscalendar1_2a.jpg,71.4286
/uploads/rationale_2016_bryankennedy1_2a.jpg,56.2500
