/uploads/rationale-bringingdownwalls-1b.jpg,#c92d8a
/uploads/rationale-bringingdownwalls-2.jpg,#3b61b0
/uploads/rationale-synthpatch-0.jpg,#49170f
/uploads/rationale-foothillsid-0.jpg,#696969
/uploads/rationale-remixvol1-1.jpg,#b9b8b6
/uploads/rationale-remixvol1-2.jpg,#9ba0a8
/uploads/rationale-territory-0.jpg,#f71869
/uploads/rationale-fmsingles-0.jpg,#5b7baa
/uploads/rationale-concertseries-1.jpg,#9e9e9e
/uploads/rationale-concertseries-2.jpg,#747474
/uploads/rationale-concertseries-3.jpg,#b1b0ae
/uploads/rationale-concertseries-4.jpg,#a8a7a8
/uploads/rationale-concertseries-5.jpg,#989897
/uploads/rationale-concertseries-6.jpg,#aaa8a5
/uploads/rationale-concertseries-7.jpg,#858483
/uploads/rationale-concertseries-8.jpg,#595959
/uploads/rationale-bringingdownwalls-0.jpg,#d0587c
/uploads/rationale-allinlove-1.jpg,#9a9896
/uploads/spff-0.jpg,#e9dfe0
/uploads/rationale-mincalendar-0.jpg,#f22402
/uploads/rationale-intent-1.jpg,#b3b3b3
/uploads/rationale-interaction-0b.jpg,#232223
/uploads/rationale-snowball-0.jpg,#3793d4
/uploads/rationale-freyasbazaar-1.jpg,#908f8f
/uploads/rationale-classiccar-0.jpg,#a61915
/uploads/rationale-woodboatshow-0.jpg,#046ea3
/uploads/rationale-ifnotfordawn-1b.jpg,#706659
/uploads/rationale-ifnotfordawn-2.jpg,#897c87
/uploads/rationale-swbook0714-0.jpg,#d2563a
/uploads/rationale-zaire-0.jpg,#949493
/uploads/rationale-interaction-1.jpg,#858685
/uploads/rationale-interaction-2.jpg,#9c9c9c
/uploads/rationale-freyasbazaar-0.jpg,#938f8c
/uploads/rationale-lightingfires-1.jpg,#ec1941
/uploads/rationale-lightingfires-2.jpg,#ec1d25
/uploads/rationale-lightingfires-3b.jpg,#f5756b
/uploads/rationale-lightingfires-4b.jpg,#ec1c31
/uploads/rationale-lightingfires-5.jpg,#eb2502
/uploads/rationale-latitudex-0.jpg,#947c44
/uploads/rationale-allinlove-0.jpg,#ae4f91
/uploads/rationale-stevenbrooks-1b.jpg,#955b29
/uploads/rationale-carryon-0.jpg,#9247b1
/uploads/rationale-ifnotfordawn-0.jpg,#0e2541
/uploads/rationale-carryon-1.jpg,#68635f
/uploads/rationale-carryon-2b.jpg,#a59f95
/uploads/rationale-foothillsid-1.jpg,#7d7d7d
/uploads/rationale-foothillsid-2.jpg,#bb3a1a
/uploads/rationale-foothillsid-3b.jpg,#cb3524
/uploads/rationale-foothillsid-4.jpg,#a3a4a4
/uploads/rationale-foothillsid-5b.jpg,#cf1b00
/uploads/rationale-foothillsid-6b.jpg,#b1b1af
/uploads/rationale-massivebit-0.jpg,#f6c2af
/uploads/rationale-casey-broadwater-0b.jpg,#919391
/uploads/rationale-latitudex-1b.jpg,#d3ecef
/uploads/rationale-latitudex-2.jpg,#9a9498
/uploads/rationale-latitudex-3.jpg,#ebd6a0
/uploads/rationale-latitudex-4.jpg,#dc8901
/uploads/rationale-latitudex-5.jpg,#a88d53
/uploads/rationale-latitudex-6.jpg,#efd8a1
/uploads/rationale-massivebit-1.jpg,#fa491d
/uploads/rationale-massivebit-2.jpg,#26ac4d
/uploads/rationale-massivebit-3b.jpg,#f77250
/uploads/rationale-massivebit-4.jpg,#a5a5a5
/uploads/rationale-massivebit-5b.jpg,#d3aa61
/uploads/rationale-massivebit-6.jpg,#c8c2c2
/uploads/rationale-massivebit-7.jpg,#adadad
/uploads/smithinteriors-0.jpg,#868583
/uploads/rationale-mincalendar-1.jpg,#ea2501
/uploads/rationale-mincalendar-2.jpg,#ebe9e9
/uploads/rationale-mincalendar-3.jpg,#ebeae9
/uploads/rationale-sanscalendar-0.jpg,#e47138
/uploads/rationale-remixvol1-0.jpg,#6491b5
/uploads/rationale-sanscalendar-1.jpg,#aaaaab
/uploads/rationale-sanscalendar-2.jpg,#353535
/uploads/rationale-woodboatshow-1.jpg,#a7a09a
/uploads/rationale-concertseries-0.jpg,#2d308d
/uploads/rationale-zaire-1.jpg,#4796b9
/uploads/rationale-zaire-2.jpg,#a1a1a1
/uploads/rationale-zaire-3.jpg,#0590cf
/uploads/rationale-intent-0.jpg,#dda367
/uploads/rationale-aiga100-1.jpg,#adadad
/uploads/rationale-aprilbrimer-0.jpg,#7b7b7b
/uploads/rationale-tbwb-0.jpg,#6d6d6d
/uploads/rationale-casey-broadwater-1.jpg,#34352d
/uploads/rationale-casey-broadwater-2.jpg,#9d999a
/uploads/rationale-casey-broadwater-3.jpg,#555555
/uploads/rationale-casey-broadwater-4.jpg,#9da1a3
/uploads/rationale-casey-broadwater-5.jpg,#999999
/uploads/rationale-aiga100-0.jpg,#19b44e
/uploads/rationale-foothillsmural-1.jpg,#917450
/uploads/rationale-ellenmcfadden1-0.jpg,#d35858
/uploads/rationale-sofarsea-0.jpg,#011937
/uploads/spff-1.jpg,#e7e6e6
/uploads/spff-2.jpg,#f57b83
/uploads/FPO%2032ratio.jpg,#aaaaaa
/uploads/rationale-synthpatch-1.jpg,#3a3a3a
/uploads/rationale-bkennedy-0.jpg,#eb4865
/uploads/rationale-snowball-1.jpg,#c4bfbb
/uploads/rationale-schaeferid-0.jpg,#515d76
/uploads/rationale-sdfgivebig-0.jpg,#028dab
/uploads/rationale-newlight-0.jpg,#6a5a6f
/uploads/rationale-arrowsmith-0.jpg,#d21d08
/uploads/rationale-lightingfires-0.jpg,#f4f0ed
/uploads/rationale-arrowsmith-1.jpg,#d21e08
/uploads/rationale-arrowsmith-2b.jpg,#c4bcb5
/uploads/rationale-stevenbrooks-0b.jpg,#917560
/uploads/rationale-classiccar-1.jpg,#9a9a9a
/uploads/rationale-classiccar-2.jpg,#9e9e9e
/uploads/rationale-classiccar-3.jpg,#a894a5
/uploads/rationale-classiccar-4.jpg,#9c9c9b
/uploads/rationale-classiccar-5.jpg,#868686
/uploads/rationale-classiccar-6.jpg,#ababab
/uploads/rationale-classiccar-7.jpg,#a38a2c
/uploads/rationale-classiccar-8.jpg,#938b92
/uploads/rationale-fmsingles-1.jpg,#cac5bb
/uploads/rationale-fmsingles-2.jpg,#a9a9a9
/uploads/rationale-fmsingles-3.jpg,#6283b5
/uploads/rationale-0dot5-0.jpg,#6e9381
/uploads/rationale-foothillsmural-0.jpg,#9397a0
/uploads/rationale-newlight-1.jpg,#9a9a9a
/uploads/rationale-0dot5-1.jpg,#9a9a9a
/uploads/rationale-0dot5-3.jpg,#7c9182
/uploads/rationale-0dot5-2.jpg,#8e928d
/uploads/rationale-sanscalendar-og.jpg,#b32207
/uploads/rationale-aiga-ourapproach.jpg,#26ae57
/uploads/rationale-sean-wolcott.jpg,#bab8b7
/uploads/rationale-seanwolcottdesign-0.jpg,#378ec2
/uploads/rationale-nycbg-0.jpg,#5db848
/uploads/rationale-deutschebank-0.jpg,#c6c6c6
/uploads/rationale-dotzero1-0.jpg,#f1f1ef
/uploads/rationale-nonprofits-0d.jpg,#e56955
/uploads/FPO_Thumbnail_01.jpg,#b0b0b0
/uploads/rationale-ifnotfordawn-0bb.jpg,#2f4153
/uploads/rationale-massivebit-0b.jpg,#f6d6c9
/uploads/rationale-aiga100-1c.jpg,#11ac4b
/uploads/rationale-arrowsmith-0c.jpg,#ddcacf
/uploads/rationale-lightingfires-0b.jpg,#f47419
"
/uploads/FPO%2032ratio.jpg",#aaaaaa
/uploads/rationale_2009_bringdownthewalls1_1a.jpg,#015ccb
/uploads/rationale_2009_bringdownthewalls1_2a.jpg,#b0afb0
/uploads/rationale_2014_synthpatch1_0a.jpg,#49170f
/uploads/rationale_2009_remixvol11_1a.jpg,#bbb4a9
/uploads/rationale_2009_remixvol11_2a.jpg,#2766a6
/uploads/rationale_2016_territorysingles1_0a.jpg,#5b7baa
/uploads/rationale_2010_concertseries1_1a.jpg,#9c9c9b
/uploads/rationale_2010_concertseries1_2a.jpg,#777469
/uploads/rationale_2010_concertseries1_3a.jpg,#af7988
/uploads/rationale_2010_concertseries1_4a.jpg,#a9a9a9
/uploads/rationale_2010_concertseries1_5a.jpg,#988776
/uploads/rationale_2010_concertseries1_6a.jpg,#aaa8a5
/uploads/rationale_2010_concertseries1_7a.jpg,#848483
/uploads/rationale_2010_concertseries1_8a.jpg,#595959
/uploads/rationale_2009_bringdownthewalls1_0a.jpg,#d0587c
/uploads/rationale_2011_allinlove1_1a.jpg,#9c9c9b
/uploads/rationale_2014_spff1_0a.jpg,#e9dfe0
/uploads/rationale_mincalendar_0b.jpg,#f2b5a4
/uploads/rationale_2011_intent1_1a.jpg,#b2b2b2
/uploads/rationale_2012_interaction1_0a.jpg,#232323
/uploads/rationale_2015_snowball1_0a.jpg,#479bd7
/uploads/rationale_2012_freyasbazaar1_1a.jpg,#8f8f8f
/uploads/rationale_2012_classiccar1_0a.jpg,#a61915
/uploads/rationale_2013_woodenboatshow1_0a.jpg,#046ea3
/uploads/rationale_2012_ifnotfordawn1_1a.jpg,#726b6d
/uploads/rationale_2012_ifnotfordawn1_2a.jpg,#897775
/uploads/rationale_2013_zaire1_0a.jpg,#949493
/uploads/rationale_2012_interaction1_1a.jpg,#717270
/uploads/rationale_2012_interaction1_2a.jpg,#9e9d9e
/uploads/rationale_2012_freyasbazaar1_0a.jpg,#938f8c
/uploads/rationale_2011_allinlove1_0a.jpg,#ae4f91
/uploads/rationale_2012_stevenbrooks1_1a.jpg,#938a72
/uploads/rationale_2013_carryon1_0a.jpg,#9247b1
/uploads/rationale_2012_ifnotfordawn1_0a.jpg,#313e53
/uploads/rationale_2013_carryon1_1a.jpg,#686461
/uploads/rationale_2013_carryon1_2a.jpg,#03669f
/uploads/rationale_2014_caseybroadwater1_0a.jpg,#919391
/uploads/rationale_2009_remixvol11_0a.jpg,#6491b5
/uploads/rationale_2013_woodenboatshow1_1a.jpg,#a4a4a4
/uploads/rationale_2010_concertseries1_0a.jpg,#2d308d
/uploads/rationale_2013_zaire1_1a.jpg,#469abd
/uploads/rationale_2013_zaire1_2a.jpg,#08629e
/uploads/rationale_2013_zaire1_3a.jpg,#cc954e
/uploads/rationale_2011_intent1_0a.jpg,#dca367
/uploads/rationale_2014_aiga1_1a.jpg,#adadad
/uploads/rationale_2014_caseybroadwater1_1a.jpg,#34352d
/uploads/rationale_2014_caseybroadwater1_2a.jpg,#9c9b9b
/uploads/rationale_2014_caseybroadwater1_3a.jpg,#344251
/uploads/rationale_2014_caseybroadwater1_4a.jpg,#a2a2a2
/uploads/rationale_2014_caseybroadwater1_5a.jpg,#999696
/uploads/rationale_2014_aiga1_0a.jpg,#03b54c
/uploads/rationale_2014_foothillsmural1_1a.jpg,#919298
/uploads/rationale_2014_spff1_1a.jpg,#e7e6e6
/uploads/rationale_2014_spff1_2a.jpg,#f5313d
/uploads/rationale_2014_synthpatch1_1a.jpg,#454645
/uploads/rationale_2015_snowball1_1a.jpg,#026fc4
/uploads/rationale_2011_newlight1_0a.jpg,#6a5a6f
/uploads/rationale_2012_arrowsmith1_0a.jpg,#ddcacf
/uploads/rationale_2012_arrowsmith1_1a.jpg,#d4230c
/uploads/rationale_2012_arrowsmith1_2a.jpg,#c4bcb5
/uploads/rationale_2012_stevenbrooks1_0a.jpg,#917560
/uploads/rationale_2012_classiccar1_1a.jpg,#9a9a9a
/uploads/rationale_2012_classiccar1_2a.jpg,#9e9e9e
/uploads/rationale_2012_classiccar1_3a.jpg,#a9a9a7
/uploads/rationale_2012_classiccar1_4a.jpg,#9c9c9b
/uploads/rationale_2012_classiccar1_5a.jpg,#898989
/uploads/rationale_2012_classiccar1_6a.jpg,#ababab
/uploads/rationale_2012_classiccar1_7a.jpg,#a3a3a3
/uploads/rationale_2012_classiccar1_8a.jpg,#938c92
/uploads/rationale_2016_territorysingles1_1a.jpg,#c5bdb3
/uploads/rationale_2016_territorysingles1_2a.jpg,#a9a9a9
/uploads/rationale_2016_territorysingles1_3a.jpg,#4c53ad
/uploads/rationale_2008_0dot51_0a.jpg,#6e9381
/uploads/rationale_2014_foothillsmural1_0a.jpg,#9397a0
/uploads/rationale_2011_newlight1_1a.jpg,#9a649b
/uploads/rationale_2008_0dot51_1a.jpg,#979996
/uploads/rationale_2008_0dot51_2a.jpg,#936260
/uploads/rationale_2008_0dot51_3a.jpg,#858d83
/uploads/rationale_nonprofit_1a.jpg,#dadada
/uploads/rationale_nonprofit_2a.jpg,#cbc0ae
/uploads/rationale_nonprofit_3a.jpg,#c3c3c3
/uploads/rationale_nonprofit_4a.jpg,#c3bcb6
/uploads/rationale_nonprofit_5a.jpg,#bcbbbb
/uploads/rationale_nonprofit_6a.jpg,#9da0a2
/uploads/rationale_nonprofit_7a.jpg,#c3c1be
/uploads/rationale_dotzero_1a.jpg,#e4e2dd
/uploads/rationale_dotzero_2a.jpg,#b0b0af
/uploads/rationale_dotzero_3a.jpg,#c4c4c4
/uploads/rationale_dotzero_4a.jpg,#d1d1d1
/uploads/rationale_dotzero_5a.jpg,#c6c6c6
/uploads/rationale_dotzero_7a.jpg,#b0b0af
/uploads/rationale_sw08141_1a.jpg,#0381c6
/uploads/rationale_sw08141_2a.jpg,#d6d6d6
/uploads/rationale_sw08141_3a.jpg,#c21d00
/uploads/rationale_sw08141_4a.jpg,#959ca5
/uploads/rationale_sw08141_5a.jpg,#dbd6d6
/uploads/rationale_sw08141_6a.jpg,#978e55
/uploads/rationale_sw08141_7a.jpg,#939392
/uploads/rationale_sw08141_8a.jpg,#dd2301
/uploads/rationale_deutschebank_1a.jpg,#c6c6c6
/uploads/rationale_deutschebank_2a.jpg,#b7c6d6
/uploads/rationale_deutschebank_3a.jpg,#dc9d62
/uploads/rationale_deutschebank_4a.jpg,#cececf
/uploads/rationale_deutschebank_5a.jpg,#d3d3d1
/uploads/rationale_deutschebank_6a.jpg,#ccccce
/uploads/rationale_deutschebank_7a.jpg,#d3d3d1
/uploads/rationale_nycbg1_1a.jpg,#a6b99b
/uploads/rationale_nycbg1_2a.jpg,#e9e7e1
/uploads/rationale_nycbg1_3a.jpg,#dcdbd5
/uploads/rationale_nycbg1_4a.jpg,#cfcfcd
/uploads/rationale_nycbg1_5a.jpg,#c0bfba
/uploads/rationale_nycbg1_6a.jpg,#d2d2d1
/uploads/rationale_sanscalendar171_1a.jpg,#dbdadc
/uploads/rationale_sanscalendar171_2a.jpg,#302d30
/uploads/rationale_sw08141_0a.jpg,#c72932
/uploads/rationale_nycbg1_0a.jpg,#5db848
/uploads/rationale_deutschebank_0a.jpg,#c6baa9
/uploads/rationale_dotzero_0a.jpg,#f1f1ef
/uploads/rationale_nonprofit_0a.jpg,#e56955
/uploads/rationale_sanscalendar171_0a.jpg,#e4e2e1
/uploads/rationale_2012_lightingfires1_1a.jpg,#ec3102
/uploads/rationale_2012_lightingfires1_2a.jpg,#eb1039
/uploads/rationale_2012_lightingfires1_3a.jpg,#f64607
/uploads/rationale_2012_lightingfires1_4a.jpg,#e6eef1
/uploads/rationale_2012_lightingfires1_5a.jpg,#ea3817
/uploads/rationale_2012_lightingfires1_0a.jpg,#f47419
/uploads/FPO54ratio.jpg,#aaaaaa
